model,val_acc,method,seed,distance,ece,mce,ace,piece,Confbin,Knnbin,Proximity_bin,Conf_normalize
beit_large_patch16_384,0.8838,conf,2020,cosine,0.039160857,0.016505416,0.038924505,0.044317459,15,10,5,FALSE
beit_large_patch16_384,0.8838,conf,2020,IVFFlat,0.039160857,0.016505416,0.038924505,0.04406426,15,10,5,FALSE
beit_large_patch16_384,0.8838,conf,2020,IVFPQ,0.039160857,0.016505416,0.038924505,0.045472985,15,10,5,FALSE
beit_large_patch16_384,0.8838,conf,2020,L2,0.039160857,0.016505416,0.038924505,0.044116374,15,10,5,FALSE
beit_large_patch16_384,0.8838,conf_kde,2020,cosine,0.007004473,0.003078219,0.005705782,0.014716788,15,10,5,FALSE
beit_large_patch16_384,0.8838,conf_kde,2020,IVFFlat,0.007509634,0.002923748,0.005210057,0.013575599,15,10,5,FALSE
beit_large_patch16_384,0.8838,conf_kde,2020,IVFPQ,0.008882508,0.002998817,0.005691098,0.016633836,15,10,5,FALSE
beit_large_patch16_384,0.8838,conf_kde,2020,L2,0.007271587,0.00291462,0.005016404,0.013580886,15,10,5,FALSE
beit_large_patch16_384,0.8838,ensemble_ts,2020,cosine,0.020607809,0.013274634,0.019781443,0.028215939,15,10,5,FALSE
beit_large_patch16_384,0.8838,ensemble_ts,2020,IVFFlat,0.020607809,0.013274634,0.019781443,0.028124601,15,10,5,FALSE
beit_large_patch16_384,0.8838,ensemble_ts,2020,IVFPQ,0.020607809,0.013274634,0.019781443,0.027595431,15,10,5,FALSE
beit_large_patch16_384,0.8838,ensemble_ts,2020,L2,0.020607809,0.013274634,0.019781443,0.02814844,15,10,5,FALSE
beit_large_patch16_384,0.8838,ensemble_ts_kde,2020,cosine,0.008784565,0.004186917,0.007060445,0.015015765,15,10,5,FALSE
beit_large_patch16_384,0.8838,ensemble_ts_kde,2020,IVFFlat,0.009163467,0.003907323,0.006273437,0.014534991,15,10,5,FALSE
beit_large_patch16_384,0.8838,ensemble_ts_kde,2020,IVFPQ,0.010630968,0.004329443,0.007908805,0.017811944,15,10,5,FALSE
beit_large_patch16_384,0.8838,ensemble_ts_kde,2020,L2,0.009354614,0.003889235,0.00617027,0.014598843,15,10,5,FALSE
beit_large_patch16_384,0.8838,histogram_binning,2020,cosine,0.056355846,0.018049021,0.060834403,0.071259903,15,10,5,FALSE
beit_large_patch16_384,0.8838,histogram_binning,2020,IVFFlat,0.056355846,0.018049021,0.060834403,0.07163765,15,10,5,FALSE
beit_large_patch16_384,0.8838,histogram_binning,2020,IVFPQ,0.056355846,0.018049021,0.060834403,0.063588766,15,10,5,FALSE
beit_large_patch16_384,0.8838,histogram_binning,2020,L2,0.056355846,0.018049021,0.060834403,0.071540248,15,10,5,FALSE
beit_large_patch16_384,0.8838,histogram_binning_kde,2020,cosine,0.052905788,0.04087899,0.054196568,0.061550888,15,10,5,FALSE
beit_large_patch16_384,0.8838,histogram_binning_kde,2020,IVFFlat,0.052794423,0.041198993,0.05637814,0.061708977,15,10,5,FALSE
beit_large_patch16_384,0.8838,histogram_binning_kde,2020,IVFPQ,0.048839072,0.036918803,0.058995182,0.063797754,15,10,5,FALSE
beit_large_patch16_384,0.8838,histogram_binning_kde,2020,L2,0.052885264,0.041158993,0.055395552,0.061631907,15,10,5,FALSE
beit_large_patch16_384,0.8838,isotonic_regression,2020,cosine,0.028111544,0.013143307,0.027426003,0.032989481,15,10,5,FALSE
beit_large_patch16_384,0.8838,isotonic_regression,2020,IVFFlat,0.028111544,0.013143307,0.027426003,0.032741345,15,10,5,FALSE
beit_large_patch16_384,0.8838,isotonic_regression,2020,IVFPQ,0.028111544,0.013143307,0.027426003,0.032961722,15,10,5,FALSE
beit_large_patch16_384,0.8838,isotonic_regression,2020,L2,0.028111544,0.013143307,0.027426003,0.032729627,15,10,5,FALSE
beit_large_patch16_384,0.8838,multi_isotonic_regression,2020,cosine,0.00713444,0.001551884,0.006722613,0.019478686,15,10,5,FALSE
beit_large_patch16_384,0.8838,multi_isotonic_regression,2020,IVFFlat,0.00713444,0.001551884,0.006722613,0.019297935,15,10,5,FALSE
beit_large_patch16_384,0.8838,multi_isotonic_regression,2020,IVFPQ,0.00713444,0.001551884,0.006722613,0.017110223,15,10,5,FALSE
beit_large_patch16_384,0.8838,multi_isotonic_regression,2020,L2,0.00713444,0.001551884,0.006722613,0.019319953,15,10,5,FALSE
beit_large_patch16_384,0.8838,multi_isotonic_regression_kde,2020,cosine,0.005721659,0.001727679,0.00570931,0.014239936,15,10,5,FALSE
beit_large_patch16_384,0.8838,multi_isotonic_regression_kde,2020,IVFFlat,0.005748721,0.001692566,0.006156157,0.014349862,15,10,5,FALSE
beit_large_patch16_384,0.8838,multi_isotonic_regression_kde,2020,IVFPQ,0.005416933,0.001246992,0.005865479,0.014544606,15,10,5,FALSE
beit_large_patch16_384,0.8838,multi_isotonic_regression_kde,2020,L2,0.005742321,0.001693264,0.006256041,0.01441965,15,10,5,FALSE
beit_large_patch16_384,0.8838,pts,2020,cosine,0.006708589,0.001318775,0.005984744,0.015597916,15,10,5,FALSE
beit_large_patch16_384,0.8838,pts,2020,IVFFlat,0.006708589,0.001318775,0.005984744,0.015968905,15,10,5,FALSE
beit_large_patch16_384,0.8838,pts,2020,IVFPQ,0.006708589,0.001318775,0.005984744,0.015762292,15,10,5,FALSE
beit_large_patch16_384,0.8838,pts,2020,L2,0.006708589,0.001318775,0.005984744,0.015805968,15,10,5,FALSE
beit_large_patch16_384,0.8838,pts_kde,2020,cosine,0.007852197,0.003111213,0.006168033,0.01554055,15,10,5,FALSE
beit_large_patch16_384,0.8838,pts_kde,2020,IVFFlat,0.007963123,0.003024076,0.005213867,0.014379555,15,10,5,FALSE
beit_large_patch16_384,0.8838,pts_kde,2020,IVFPQ,0.008057494,0.002722595,0.007500659,0.017423683,15,10,5,FALSE
beit_large_patch16_384,0.8838,pts_kde,2020,L2,0.007716712,0.003013716,0.005400602,0.014208929,15,10,5,FALSE
beit_large_patch16_384,0.8838,pts_knndist,2020,cosine,0.027509691,0.007237654,0.027240207,0.032053984,15,10,5,FALSE
beit_large_patch16_384,0.8838,pts_knndist,2020,IVFFlat,0.027726869,0.007377429,0.027506521,0.032208432,15,10,5,FALSE
beit_large_patch16_384,0.8838,pts_knndist,2020,IVFPQ,0.027698351,0.007343654,0.0274175,0.030896304,15,10,5,FALSE
beit_large_patch16_384,0.8838,pts_knndist,2020,L2,0.027709021,0.007361322,0.027419071,0.032085679,15,10,5,FALSE
beit_large_patch16_384,0.8838,pts_knndist_kde,2020,cosine,0.010875829,0.005874411,0.010058341,0.016885024,15,10,5,FALSE
beit_large_patch16_384,0.8838,pts_knndist_kde,2020,IVFFlat,0.01035721,0.005876927,0.009252024,0.015692522,15,10,5,FALSE
beit_large_patch16_384,0.8838,pts_knndist_kde,2020,IVFPQ,0.011730568,0.005759339,0.011073111,0.018665123,15,10,5,FALSE
beit_large_patch16_384,0.8838,pts_knndist_kde,2020,L2,0.010530878,0.005863684,0.009121041,0.015517261,15,10,5,FALSE
beit_large_patch16_384,0.8838,temperature_scaling,2020,cosine,0.026836231,0.006093115,0.028515441,0.034118141,15,10,5,FALSE
beit_large_patch16_384,0.8838,temperature_scaling,2020,IVFFlat,0.026836231,0.006093115,0.028515441,0.034099524,15,10,5,FALSE
beit_large_patch16_384,0.8838,temperature_scaling,2020,IVFPQ,0.026836231,0.006093115,0.028515441,0.030334849,15,10,5,FALSE
beit_large_patch16_384,0.8838,temperature_scaling,2020,L2,0.026836231,0.006093115,0.028515441,0.034015668,15,10,5,FALSE
beit_large_patch16_384,0.8838,temperature_scaling_kde,2020,cosine,0.011910105,0.006399196,0.010532173,0.017088683,15,10,5,FALSE
beit_large_patch16_384,0.8838,temperature_scaling_kde,2020,IVFFlat,0.011542533,0.0065441,0.009904856,0.016862154,15,10,5,FALSE
beit_large_patch16_384,0.8838,temperature_scaling_kde,2020,IVFPQ,0.012775696,0.006852418,0.010769532,0.020013355,15,10,5,FALSE
beit_large_patch16_384,0.8838,temperature_scaling_kde,2020,L2,0.011271899,0.006518643,0.009691517,0.016499739,15,10,5,FALSE
beit_large_patch16_384,0.8838,conf,2021,cosine,0.038780698,0.017446992,0.038629183,0.043120981,15,10,5,FALSE
beit_large_patch16_384,0.8838,conf,2021,IVFFlat,0.038780698,0.017446992,0.038629183,0.043107039,15,10,5,FALSE
beit_large_patch16_384,0.8838,conf,2021,IVFPQ,0.038780698,0.017446992,0.038629183,0.044302473,15,10,5,FALSE
beit_large_patch16_384,0.8838,conf,2021,L2,0.038780698,0.017446992,0.038629183,0.043128787,15,10,5,FALSE
beit_large_patch16_384,0.8838,conf_kde,2021,cosine,0.007465997,0.003116828,0.005214692,0.013973497,15,10,5,FALSE
beit_large_patch16_384,0.8838,conf_kde,2021,IVFFlat,0.006698388,0.002927928,0.005808185,0.01366334,15,10,5,FALSE
beit_large_patch16_384,0.8838,conf_kde,2021,IVFPQ,0.006488538,0.002867117,0.006086699,0.014610327,15,10,5,FALSE
beit_large_patch16_384,0.8838,conf_kde,2021,L2,0.006900209,0.002926243,0.005610433,0.013967725,15,10,5,FALSE
beit_large_patch16_384,0.8838,ensemble_ts,2021,cosine,0.019340899,0.012832907,0.020295496,0.027997139,15,10,5,FALSE
beit_large_patch16_384,0.8838,ensemble_ts,2021,IVFFlat,0.019340899,0.012832907,0.020295496,0.02809803,15,10,5,FALSE
beit_large_patch16_384,0.8838,ensemble_ts,2021,IVFPQ,0.019340899,0.012832907,0.020295496,0.026522431,15,10,5,FALSE
beit_large_patch16_384,0.8838,ensemble_ts,2021,L2,0.019340899,0.012832907,0.020295496,0.02806435,15,10,5,FALSE
beit_large_patch16_384,0.8838,ensemble_ts_kde,2021,cosine,0.009042368,0.004312456,0.008048652,0.015604504,15,10,5,FALSE
beit_large_patch16_384,0.8838,ensemble_ts_kde,2021,IVFFlat,0.008728522,0.004074997,0.006710396,0.015461059,15,10,5,FALSE
beit_large_patch16_384,0.8838,ensemble_ts_kde,2021,IVFPQ,0.008794249,0.004155806,0.009097423,0.016397933,15,10,5,FALSE
beit_large_patch16_384,0.8838,ensemble_ts_kde,2021,L2,0.008708863,0.004087443,0.00692076,0.015510457,15,10,5,FALSE
beit_large_patch16_384,0.8838,histogram_binning,2021,cosine,0.057801782,0.017639392,0.060036316,0.072321036,15,10,5,FALSE
beit_large_patch16_384,0.8838,histogram_binning,2021,IVFFlat,0.057801782,0.017639392,0.060036316,0.07246386,15,10,5,FALSE
beit_large_patch16_384,0.8838,histogram_binning,2021,IVFPQ,0.057801782,0.017639392,0.060036316,0.065265677,15,10,5,FALSE
beit_large_patch16_384,0.8838,histogram_binning,2021,L2,0.057801782,0.017639392,0.060036316,0.072417331,15,10,5,FALSE
beit_large_patch16_384,0.8838,histogram_binning_kde,2021,cosine,0.052352263,0.039359293,0.052942077,0.059637086,15,10,5,FALSE
beit_large_patch16_384,0.8838,histogram_binning_kde,2021,IVFFlat,0.051883809,0.039279292,0.052118578,0.059002354,15,10,5,FALSE
beit_large_patch16_384,0.8838,histogram_binning_kde,2021,IVFPQ,0.051275411,0.035639222,0.059789836,0.06040104,15,10,5,FALSE
beit_large_patch16_384,0.8838,histogram_binning_kde,2021,L2,0.052210803,0.039559293,0.055163908,0.059228217,15,10,5,FALSE
beit_large_patch16_384,0.8838,isotonic_regression,2021,cosine,0.027253829,0.013139691,0.02648843,0.032828315,15,10,5,FALSE
beit_large_patch16_384,0.8838,isotonic_regression,2021,IVFFlat,0.027253829,0.013139691,0.02648843,0.032930459,15,10,5,FALSE
beit_large_patch16_384,0.8838,isotonic_regression,2021,IVFPQ,0.027253829,0.013139691,0.02648843,0.03149897,15,10,5,FALSE
beit_large_patch16_384,0.8838,isotonic_regression,2021,L2,0.027253829,0.013139691,0.02648843,0.032919173,15,10,5,FALSE
beit_large_patch16_384,0.8838,multi_isotonic_regression,2021,cosine,0.004477332,0.001143615,0.004960387,0.017367833,15,10,5,FALSE
beit_large_patch16_384,0.8838,multi_isotonic_regression,2021,IVFFlat,0.004477332,0.001143615,0.004960387,0.017056645,15,10,5,FALSE
beit_large_patch16_384,0.8838,multi_isotonic_regression,2021,IVFPQ,0.004477332,0.001143615,0.004960387,0.01712989,15,10,5,FALSE
beit_large_patch16_384,0.8838,multi_isotonic_regression,2021,L2,0.004477332,0.001143615,0.004960387,0.017148141,15,10,5,FALSE
beit_large_patch16_384,0.8838,multi_isotonic_regression_kde,2021,cosine,0.004910346,0.000980693,0.005089132,0.013565641,15,10,5,FALSE
beit_large_patch16_384,0.8838,multi_isotonic_regression_kde,2021,IVFFlat,0.005314692,0.000964481,0.004986982,0.013500683,15,10,5,FALSE
beit_large_patch16_384,0.8838,multi_isotonic_regression_kde,2021,IVFPQ,0.005323688,0.001366691,0.004551946,0.014883404,15,10,5,FALSE
beit_large_patch16_384,0.8838,multi_isotonic_regression_kde,2021,L2,0.005223949,0.000956422,0.004765062,0.013438869,15,10,5,FALSE
beit_large_patch16_384,0.8838,pts,2021,cosine,0.007843688,0.002983339,0.007443027,0.017269744,15,10,5,FALSE
beit_large_patch16_384,0.8838,pts,2021,IVFFlat,0.007843688,0.002983339,0.007443027,0.017278561,15,10,5,FALSE
beit_large_patch16_384,0.8838,pts,2021,IVFPQ,0.007843688,0.002983339,0.007443027,0.018302733,15,10,5,FALSE
beit_large_patch16_384,0.8838,pts,2021,L2,0.007843688,0.002983339,0.007443027,0.017300133,15,10,5,FALSE
beit_large_patch16_384,0.8838,pts_kde,2021,cosine,0.007248702,0.003416008,0.007137691,0.014565116,15,10,5,FALSE
beit_large_patch16_384,0.8838,pts_kde,2021,IVFFlat,0.007476982,0.003324019,0.00684009,0.014938121,15,10,5,FALSE
beit_large_patch16_384,0.8838,pts_kde,2021,IVFPQ,0.006995716,0.002732438,0.008605191,0.015454795,15,10,5,FALSE
beit_large_patch16_384,0.8838,pts_kde,2021,L2,0.007089291,0.003312031,0.007096116,0.01524427,15,10,5,FALSE
beit_large_patch16_384,0.8838,pts_knndist,2021,cosine,0.008136818,0.001720513,0.006665628,0.013564515,15,10,5,FALSE
beit_large_patch16_384,0.8838,pts_knndist,2021,IVFFlat,0.006390239,0.001802716,0.006287281,0.014741319,15,10,5,FALSE
beit_large_patch16_384,0.8838,pts_knndist,2021,IVFPQ,0.007422422,0.002570396,0.007250111,0.016721142,15,10,5,FALSE
beit_large_patch16_384,0.8838,pts_knndist,2021,L2,0.006330396,0.001827478,0.006313267,0.014837083,15,10,5,FALSE
beit_large_patch16_384,0.8838,pts_knndist_kde,2021,cosine,0.009380339,0.003840614,0.007484669,0.015507199,15,10,5,FALSE
beit_large_patch16_384,0.8838,pts_knndist_kde,2021,IVFFlat,0.009507428,0.003747417,0.007796977,0.014866527,15,10,5,FALSE
beit_large_patch16_384,0.8838,pts_knndist_kde,2021,IVFPQ,0.008764221,0.003653923,0.008776308,0.014742047,15,10,5,FALSE
beit_large_patch16_384,0.8838,pts_knndist_kde,2021,L2,0.009362833,0.00374634,0.007672505,0.014954738,15,10,5,FALSE
beit_large_patch16_384,0.8838,temperature_scaling,2021,cosine,0.027721831,0.007392842,0.02984611,0.032910399,15,10,5,FALSE
beit_large_patch16_384,0.8838,temperature_scaling,2021,IVFFlat,0.027721831,0.007392842,0.02984611,0.033084879,15,10,5,FALSE
beit_large_patch16_384,0.8838,temperature_scaling,2021,IVFPQ,0.027721831,0.007392842,0.02984611,0.030061763,15,10,5,FALSE
beit_large_patch16_384,0.8838,temperature_scaling,2021,L2,0.027721831,0.007392842,0.02984611,0.033084283,15,10,5,FALSE
beit_large_patch16_384,0.8838,temperature_scaling_kde,2021,cosine,0.011222661,0.006509328,0.010522361,0.017203459,15,10,5,FALSE
beit_large_patch16_384,0.8838,temperature_scaling_kde,2021,IVFFlat,0.011641988,0.00635569,0.01059565,0.017617995,15,10,5,FALSE
beit_large_patch16_384,0.8838,temperature_scaling_kde,2021,IVFPQ,0.013080956,0.006387909,0.012163415,0.019270552,15,10,5,FALSE
beit_large_patch16_384,0.8838,temperature_scaling_kde,2021,L2,0.011757256,0.006318263,0.010533106,0.017674424,15,10,5,FALSE
beit_large_patch16_384,0.8838,conf,2022,cosine,0.038253229,0.016779189,0.038041591,0.0453116,15,10,5,FALSE
beit_large_patch16_384,0.8838,conf,2022,IVFFlat,0.038253229,0.016779189,0.038041591,0.04521276,15,10,5,FALSE
beit_large_patch16_384,0.8838,conf,2022,IVFPQ,0.038253229,0.016779189,0.038041591,0.044967022,15,10,5,FALSE
beit_large_patch16_384,0.8838,conf,2022,L2,0.038253229,0.016779189,0.038041591,0.045064882,15,10,5,FALSE
beit_large_patch16_384,0.8838,conf_kde,2022,cosine,0.008061427,0.003388835,0.00753561,0.015966242,15,10,5,FALSE
beit_large_patch16_384,0.8838,conf_kde,2022,IVFFlat,0.006853094,0.00332384,0.007378222,0.014433123,15,10,5,FALSE
beit_large_patch16_384,0.8838,conf_kde,2022,IVFPQ,0.008866014,0.003550058,0.008909109,0.017888308,15,10,5,FALSE
beit_large_patch16_384,0.8838,conf_kde,2022,L2,0.006724077,0.003223559,0.007164883,0.014423427,15,10,5,FALSE
beit_large_patch16_384,0.8838,ensemble_ts,2022,cosine,0.02233123,0.013092151,0.02239002,0.030032967,15,10,5,FALSE
beit_large_patch16_384,0.8838,ensemble_ts,2022,IVFFlat,0.02233123,0.013092151,0.02239002,0.030074724,15,10,5,FALSE
beit_large_patch16_384,0.8838,ensemble_ts,2022,IVFPQ,0.02233123,0.013092151,0.02239002,0.029364312,15,10,5,FALSE
beit_large_patch16_384,0.8838,ensemble_ts,2022,L2,0.02233123,0.013092151,0.02239002,0.030061247,15,10,5,FALSE
beit_large_patch16_384,0.8838,ensemble_ts_kde,2022,cosine,0.010453312,0.004968705,0.008825249,0.018454699,15,10,5,FALSE
beit_large_patch16_384,0.8838,ensemble_ts_kde,2022,IVFFlat,0.009071266,0.004753903,0.008884247,0.016456606,15,10,5,FALSE
beit_large_patch16_384,0.8838,ensemble_ts_kde,2022,IVFPQ,0.011272634,0.00526467,0.011533797,0.019298897,15,10,5,FALSE
beit_large_patch16_384,0.8838,ensemble_ts_kde,2022,L2,0.008953883,0.004679004,0.008794447,0.01658399,15,10,5,FALSE
beit_large_patch16_384,0.8838,histogram_binning,2022,cosine,0.057496217,0.017959295,0.059895074,0.073194873,15,10,5,FALSE
beit_large_patch16_384,0.8838,histogram_binning,2022,IVFFlat,0.057496217,0.017959295,0.059895074,0.073415387,15,10,5,FALSE
beit_large_patch16_384,0.8838,histogram_binning,2022,IVFPQ,0.057496217,0.017959295,0.059895074,0.06593249,15,10,5,FALSE
beit_large_patch16_384,0.8838,histogram_binning,2022,L2,0.057496217,0.017959295,0.059895074,0.073533987,15,10,5,FALSE
beit_large_patch16_384,0.8838,histogram_binning_kde,2022,cosine,0.053156842,0.039799298,0.056772844,0.060842828,15,10,5,FALSE
beit_large_patch16_384,0.8838,histogram_binning_kde,2022,IVFFlat,0.054985713,0.041319295,0.05883127,0.062895381,15,10,5,FALSE
beit_large_patch16_384,0.8838,histogram_binning_kde,2022,IVFPQ,0.044301327,0.032919333,0.053649811,0.057184831,15,10,5,FALSE
beit_large_patch16_384,0.8838,histogram_binning_kde,2022,L2,0.054837367,0.041279295,0.056955346,0.062851328,15,10,5,FALSE
beit_large_patch16_384,0.8838,isotonic_regression,2022,cosine,0.028637654,0.01249247,0.027512524,0.032870452,15,10,5,FALSE
beit_large_patch16_384,0.8838,isotonic_regression,2022,IVFFlat,0.028637654,0.01249247,0.027512524,0.032815618,15,10,5,FALSE
beit_large_patch16_384,0.8838,isotonic_regression,2022,IVFPQ,0.028637654,0.01249247,0.027512524,0.033547011,15,10,5,FALSE
beit_large_patch16_384,0.8838,isotonic_regression,2022,L2,0.028637654,0.01249247,0.027512524,0.032849156,15,10,5,FALSE
beit_large_patch16_384,0.8838,multi_isotonic_regression,2022,cosine,0.005025059,0.001079083,0.005246221,0.018293059,15,10,5,FALSE
beit_large_patch16_384,0.8838,multi_isotonic_regression,2022,IVFFlat,0.005025059,0.001079083,0.005246221,0.017918138,15,10,5,FALSE
beit_large_patch16_384,0.8838,multi_isotonic_regression,2022,IVFPQ,0.005025059,0.001079083,0.005246221,0.014662948,15,10,5,FALSE
beit_large_patch16_384,0.8838,multi_isotonic_regression,2022,L2,0.005025059,0.001079083,0.005246221,0.017784585,15,10,5,FALSE
beit_large_patch16_384,0.8838,multi_isotonic_regression_kde,2022,cosine,0.005285235,0.000997859,0.005400922,0.014372352,15,10,5,FALSE
beit_large_patch16_384,0.8838,multi_isotonic_regression_kde,2022,IVFFlat,0.004306934,0.001171632,0.005379426,0.013982139,15,10,5,FALSE
beit_large_patch16_384,0.8838,multi_isotonic_regression_kde,2022,IVFPQ,0.007175317,0.001375078,0.007366926,0.016505423,15,10,5,FALSE
beit_large_patch16_384,0.8838,multi_isotonic_regression_kde,2022,L2,0.004418148,0.001193152,0.00536459,0.01388583,15,10,5,FALSE
beit_large_patch16_384,0.8838,pts,2022,cosine,0.014978984,0.004042348,0.014943151,0.02163544,15,10,5,FALSE
beit_large_patch16_384,0.8838,pts,2022,IVFFlat,0.014978984,0.004042348,0.014943151,0.021834936,15,10,5,FALSE
beit_large_patch16_384,0.8838,pts,2022,IVFPQ,0.014978984,0.004042348,0.014943151,0.020580733,15,10,5,FALSE
beit_large_patch16_384,0.8838,pts,2022,L2,0.014978984,0.004042348,0.014943151,0.021742139,15,10,5,FALSE
beit_large_patch16_384,0.8838,pts_kde,2022,cosine,0.01218573,0.005803601,0.01177557,0.019456169,15,10,5,FALSE
beit_large_patch16_384,0.8838,pts_kde,2022,IVFFlat,0.012488102,0.005464481,0.011224059,0.01932282,15,10,5,FALSE
beit_large_patch16_384,0.8838,pts_kde,2022,IVFPQ,0.012303682,0.005493959,0.012408801,0.018504818,15,10,5,FALSE
beit_large_patch16_384,0.8838,pts_kde,2022,L2,0.012041163,0.005476877,0.011042283,0.018795556,15,10,5,FALSE
beit_large_patch16_384,0.8838,pts_knndist,2022,cosine,0.008080658,0.001510401,0.008744182,0.018167826,15,10,5,FALSE
beit_large_patch16_384,0.8838,pts_knndist,2022,IVFFlat,0.00848432,0.00145627,0.009088975,0.018097471,15,10,5,FALSE
beit_large_patch16_384,0.8838,pts_knndist,2022,IVFPQ,0.00835144,0.001475537,0.009180374,0.0169114,15,10,5,FALSE
beit_large_patch16_384,0.8838,pts_knndist,2022,L2,0.008481752,0.001456444,0.009088626,0.018028802,15,10,5,FALSE
beit_large_patch16_384,0.8838,pts_knndist_kde,2022,cosine,0.012055246,0.004889502,0.011419174,0.01645617,15,10,5,FALSE
beit_large_patch16_384,0.8838,pts_knndist_kde,2022,IVFFlat,0.010974251,0.00474491,0.01028725,0.016132417,15,10,5,FALSE
beit_large_patch16_384,0.8838,pts_knndist_kde,2022,IVFPQ,0.010705565,0.004798352,0.009965101,0.019832469,15,10,5,FALSE
beit_large_patch16_384,0.8838,pts_knndist_kde,2022,L2,0.01109896,0.004706178,0.010744486,0.016188554,15,10,5,FALSE
beit_large_patch16_384,0.8838,temperature_scaling,2022,cosine,0.027954562,0.006930308,0.029153664,0.035143048,15,10,5,FALSE
beit_large_patch16_384,0.8838,temperature_scaling,2022,IVFFlat,0.027954562,0.006930308,0.029153664,0.035060836,15,10,5,FALSE
beit_large_patch16_384,0.8838,temperature_scaling,2022,IVFPQ,0.027954562,0.006930308,0.029153664,0.031134823,15,10,5,FALSE
beit_large_patch16_384,0.8838,temperature_scaling,2022,L2,0.027954562,0.006930308,0.029153664,0.034899659,15,10,5,FALSE
beit_large_patch16_384,0.8838,temperature_scaling_kde,2022,cosine,0.012592276,0.0076908,0.012540126,0.020069102,15,10,5,FALSE
beit_large_patch16_384,0.8838,temperature_scaling_kde,2022,IVFFlat,0.013081611,0.007557001,0.012295254,0.019877254,15,10,5,FALSE
beit_large_patch16_384,0.8838,temperature_scaling_kde,2022,IVFPQ,0.013713977,0.008183315,0.014864557,0.020395528,15,10,5,FALSE
beit_large_patch16_384,0.8838,temperature_scaling_kde,2022,L2,0.01276513,0.00752734,0.012168472,0.019342424,15,10,5,FALSE
beit_large_patch16_384,0.8838,conf,2023,cosine,0.038738451,0.01732858,0.037267726,0.045055172,15,10,5,FALSE
beit_large_patch16_384,0.8838,conf,2023,IVFFlat,0.038738451,0.01732858,0.037267726,0.045145197,15,10,5,FALSE
beit_large_patch16_384,0.8838,conf,2023,IVFPQ,0.038738451,0.01732858,0.037267726,0.044772193,15,10,5,FALSE
beit_large_patch16_384,0.8838,conf,2023,L2,0.038738451,0.01732858,0.037267726,0.045060062,15,10,5,FALSE
beit_large_patch16_384,0.8838,conf_kde,2023,cosine,0.00771987,0.002795189,0.007609465,0.014079864,15,10,5,FALSE
beit_large_patch16_384,0.8838,conf_kde,2023,IVFFlat,0.007483516,0.002469586,0.007025623,0.014308647,15,10,5,FALSE
beit_large_patch16_384,0.8838,conf_kde,2023,IVFPQ,0.00889527,0.003062634,0.009463649,0.015817929,15,10,5,FALSE
beit_large_patch16_384,0.8838,conf_kde,2023,L2,0.00747948,0.002469883,0.007067076,0.014042536,15,10,5,FALSE
beit_large_patch16_384,0.8838,ensemble_ts,2023,cosine,0.021257309,0.01197787,0.021878484,0.029428508,15,10,5,FALSE
beit_large_patch16_384,0.8838,ensemble_ts,2023,IVFFlat,0.021257309,0.01197787,0.021878484,0.030005277,15,10,5,FALSE
beit_large_patch16_384,0.8838,ensemble_ts,2023,IVFPQ,0.021257309,0.01197787,0.021878484,0.026265103,15,10,5,FALSE
beit_large_patch16_384,0.8838,ensemble_ts,2023,L2,0.021257309,0.01197787,0.021878484,0.030085087,15,10,5,FALSE
beit_large_patch16_384,0.8838,ensemble_ts_kde,2023,cosine,0.010627921,0.004250576,0.009684596,0.015176856,15,10,5,FALSE
beit_large_patch16_384,0.8838,ensemble_ts_kde,2023,IVFFlat,0.009775833,0.004094219,0.009716252,0.014994003,15,10,5,FALSE
beit_large_patch16_384,0.8838,ensemble_ts_kde,2023,IVFPQ,0.011408871,0.004498644,0.011253572,0.017432765,15,10,5,FALSE
beit_large_patch16_384,0.8838,ensemble_ts_kde,2023,L2,0.009701476,0.004096203,0.010041463,0.014608163,15,10,5,FALSE
beit_large_patch16_384,0.8838,histogram_binning,2023,cosine,0.052511337,0.018119115,0.055499282,0.072052859,15,10,5,FALSE
beit_large_patch16_384,0.8838,histogram_binning,2023,IVFFlat,0.052511337,0.018119115,0.055499282,0.072342449,15,10,5,FALSE
beit_large_patch16_384,0.8838,histogram_binning,2023,IVFPQ,0.052511337,0.018119115,0.055499282,0.06252738,15,10,5,FALSE
beit_large_patch16_384,0.8838,histogram_binning,2023,L2,0.052511337,0.018119115,0.055499282,0.072349434,15,10,5,FALSE
beit_large_patch16_384,0.8838,histogram_binning_kde,2023,cosine,0.051647875,0.038319014,0.054382416,0.059534279,15,10,5,FALSE
beit_large_patch16_384,0.8838,histogram_binning_kde,2023,IVFFlat,0.051646675,0.038359011,0.054246864,0.060204955,15,10,5,FALSE
beit_large_patch16_384,0.8838,histogram_binning_kde,2023,IVFPQ,0.044756376,0.034399065,0.058274523,0.060888492,15,10,5,FALSE
beit_large_patch16_384,0.8838,histogram_binning_kde,2023,L2,0.050948567,0.037719011,0.052799751,0.059345628,15,10,5,FALSE
beit_large_patch16_384,0.8838,isotonic_regression,2023,cosine,0.027083706,0.014609073,0.026263741,0.032672269,15,10,5,FALSE
beit_large_patch16_384,0.8838,isotonic_regression,2023,IVFFlat,0.027083706,0.014609073,0.026263741,0.0330755,15,10,5,FALSE
beit_large_patch16_384,0.8838,isotonic_regression,2023,IVFPQ,0.027083706,0.014609073,0.026263741,0.032803693,15,10,5,FALSE
beit_large_patch16_384,0.8838,isotonic_regression,2023,L2,0.027083706,0.014609073,0.026263741,0.032949863,15,10,5,FALSE
beit_large_patch16_384,0.8838,multi_isotonic_regression,2023,cosine,0.00332989,0.001283768,0.006822351,0.016695386,15,10,5,FALSE
beit_large_patch16_384,0.8838,multi_isotonic_regression,2023,IVFFlat,0.00332989,0.001283768,0.006822351,0.017328745,15,10,5,FALSE
beit_large_patch16_384,0.8838,multi_isotonic_regression,2023,IVFPQ,0.00332989,0.001283768,0.006822351,0.015000947,15,10,5,FALSE
beit_large_patch16_384,0.8838,multi_isotonic_regression,2023,L2,0.00332989,0.001283768,0.006822351,0.017261453,15,10,5,FALSE
beit_large_patch16_384,0.8838,multi_isotonic_regression_kde,2023,cosine,0.003423462,0.001115839,0.004763132,0.011846856,15,10,5,FALSE
beit_large_patch16_384,0.8838,multi_isotonic_regression_kde,2023,IVFFlat,0.003687674,0.001210386,0.003955915,0.012321257,15,10,5,FALSE
beit_large_patch16_384,0.8838,multi_isotonic_regression_kde,2023,IVFPQ,0.00572187,0.002243771,0.006281991,0.013817841,15,10,5,FALSE
beit_large_patch16_384,0.8838,multi_isotonic_regression_kde,2023,L2,0.003682734,0.001223979,0.004080683,0.012071278,15,10,5,FALSE
beit_large_patch16_384,0.8838,pts,2023,cosine,0.010997792,0.004135921,0.011054546,0.017764061,15,10,5,FALSE
beit_large_patch16_384,0.8838,pts,2023,IVFFlat,0.010997792,0.004135921,0.011054546,0.018143966,15,10,5,FALSE
beit_large_patch16_384,0.8838,pts,2023,IVFPQ,0.010997792,0.004135921,0.011054546,0.016933372,15,10,5,FALSE
beit_large_patch16_384,0.8838,pts,2023,L2,0.010997792,0.004135921,0.011054546,0.018087075,15,10,5,FALSE
beit_large_patch16_384,0.8838,pts_kde,2023,cosine,0.010089503,0.002854185,0.009921283,0.014765156,15,10,5,FALSE
beit_large_patch16_384,0.8838,pts_kde,2023,IVFFlat,0.009135962,0.002809782,0.008803241,0.0153146,15,10,5,FALSE
beit_large_patch16_384,0.8838,pts_kde,2023,IVFPQ,0.008927907,0.002517021,0.008747934,0.014025722,15,10,5,FALSE
beit_large_patch16_384,0.8838,pts_kde,2023,L2,0.009095203,0.002773677,0.00871948,0.015166902,15,10,5,FALSE
beit_large_patch16_384,0.8838,pts_knndist,2023,cosine,0.033387056,0.018565396,0.033009201,0.036640826,15,10,5,FALSE
beit_large_patch16_384,0.8838,pts_knndist,2023,IVFFlat,0.032354745,0.017907794,0.031655501,0.035226892,15,10,5,FALSE
beit_large_patch16_384,0.8838,pts_knndist,2023,IVFPQ,0.032989102,0.018379454,0.032058288,0.037034411,15,10,5,FALSE
beit_large_patch16_384,0.8838,pts_knndist,2023,L2,0.032357108,0.017909078,0.031658488,0.035143446,15,10,5,FALSE
beit_large_patch16_384,0.8838,pts_knndist_kde,2023,cosine,0.015507187,0.008313184,0.014620831,0.020337668,15,10,5,FALSE
beit_large_patch16_384,0.8838,pts_knndist_kde,2023,IVFFlat,0.014275624,0.007893882,0.013744672,0.019795781,15,10,5,FALSE
beit_large_patch16_384,0.8838,pts_knndist_kde,2023,IVFPQ,0.016448802,0.008524598,0.01482738,0.02148858,15,10,5,FALSE
beit_large_patch16_384,0.8838,pts_knndist_kde,2023,L2,0.014590468,0.007935333,0.01383436,0.019767725,15,10,5,FALSE
beit_large_patch16_384,0.8838,temperature_scaling,2023,cosine,0.029443617,0.006985216,0.030288148,0.035559826,15,10,5,FALSE
beit_large_patch16_384,0.8838,temperature_scaling,2023,IVFFlat,0.029443617,0.006985216,0.030288148,0.035943072,15,10,5,FALSE
beit_large_patch16_384,0.8838,temperature_scaling,2023,IVFPQ,0.029443617,0.006985216,0.030288148,0.031726901,15,10,5,FALSE
beit_large_patch16_384,0.8838,temperature_scaling,2023,L2,0.029443617,0.006985216,0.030288148,0.03583297,15,10,5,FALSE
beit_large_patch16_384,0.8838,temperature_scaling_kde,2023,cosine,0.013451312,0.006850384,0.014546212,0.018203201,15,10,5,FALSE
beit_large_patch16_384,0.8838,temperature_scaling_kde,2023,IVFFlat,0.013753511,0.006818997,0.013667772,0.019072943,15,10,5,FALSE
beit_large_patch16_384,0.8838,temperature_scaling_kde,2023,IVFPQ,0.014792788,0.007200295,0.014145804,0.019715445,15,10,5,FALSE
beit_large_patch16_384,0.8838,temperature_scaling_kde,2023,L2,0.013544961,0.006815311,0.013740821,0.019064594,15,10,5,FALSE
beit_large_patch16_384,0.8838,conf,2024,cosine,0.038541271,0.016360866,0.038331277,0.043406195,15,10,5,FALSE
beit_large_patch16_384,0.8838,conf,2024,IVFFlat,0.038541271,0.016360866,0.038331277,0.043458448,15,10,5,FALSE
beit_large_patch16_384,0.8838,conf,2024,IVFPQ,0.038541271,0.016360866,0.038331277,0.044507113,15,10,5,FALSE
beit_large_patch16_384,0.8838,conf,2024,L2,0.038541271,0.016360866,0.038331277,0.043307488,15,10,5,FALSE
beit_large_patch16_384,0.8838,conf_kde,2024,cosine,0.009187632,0.003694673,0.00816478,0.015122435,15,10,5,FALSE
beit_large_patch16_384,0.8838,conf_kde,2024,IVFFlat,0.009550302,0.00333478,0.009116992,0.01532891,15,10,5,FALSE
beit_large_patch16_384,0.8838,conf_kde,2024,IVFPQ,0.009865825,0.003451286,0.010952001,0.016150671,15,10,5,FALSE
beit_large_patch16_384,0.8838,conf_kde,2024,L2,0.009113476,0.003421784,0.008844113,0.0146861,15,10,5,FALSE
beit_large_patch16_384,0.8838,ensemble_ts,2024,cosine,0.022346403,0.012164761,0.02054056,0.029978879,15,10,5,FALSE
beit_large_patch16_384,0.8838,ensemble_ts,2024,IVFFlat,0.022346403,0.012164761,0.02054056,0.030020477,15,10,5,FALSE
beit_large_patch16_384,0.8838,ensemble_ts,2024,IVFPQ,0.022346403,0.012164761,0.02054056,0.029290909,15,10,5,FALSE
beit_large_patch16_384,0.8838,ensemble_ts,2024,L2,0.022346403,0.012164761,0.02054056,0.030051617,15,10,5,FALSE
beit_large_patch16_384,0.8838,ensemble_ts_kde,2024,cosine,0.010689631,0.005243717,0.009630321,0.016180145,15,10,5,FALSE
beit_large_patch16_384,0.8838,ensemble_ts_kde,2024,IVFFlat,0.010330302,0.004972751,0.009607145,0.015461777,15,10,5,FALSE
beit_large_patch16_384,0.8838,ensemble_ts_kde,2024,IVFPQ,0.010889873,0.004906904,0.01246995,0.017912784,15,10,5,FALSE
beit_large_patch16_384,0.8838,ensemble_ts_kde,2024,L2,0.010199712,0.004960988,0.00958785,0.015526088,15,10,5,FALSE
beit_large_patch16_384,0.8838,histogram_binning,2024,cosine,0.054842773,0.015919104,0.060875903,0.071697328,15,10,5,FALSE
beit_large_patch16_384,0.8838,histogram_binning,2024,IVFFlat,0.054842773,0.015919104,0.060875903,0.071917238,15,10,5,FALSE
beit_large_patch16_384,0.8838,histogram_binning,2024,IVFPQ,0.054842773,0.015919104,0.060875903,0.063744996,15,10,5,FALSE
beit_large_patch16_384,0.8838,histogram_binning,2024,L2,0.054842773,0.015919104,0.060875903,0.071844135,15,10,5,FALSE
beit_large_patch16_384,0.8838,histogram_binning_kde,2024,cosine,0.05675343,0.040118689,0.059172332,0.064373643,15,10,5,FALSE
beit_large_patch16_384,0.8838,histogram_binning_kde,2024,IVFFlat,0.056518536,0.039998682,0.059315624,0.064385114,15,10,5,FALSE
beit_large_patch16_384,0.8838,histogram_binning_kde,2024,IVFPQ,0.045151017,0.03167843,0.057588762,0.060142646,15,10,5,FALSE
beit_large_patch16_384,0.8838,histogram_binning_kde,2024,L2,0.056898031,0.040358684,0.058782415,0.064533961,15,10,5,FALSE
beit_large_patch16_384,0.8838,isotonic_regression,2024,cosine,0.028380369,0.014279918,0.027376322,0.03445433,15,10,5,FALSE
beit_large_patch16_384,0.8838,isotonic_regression,2024,IVFFlat,0.028380369,0.014279918,0.027376322,0.034198403,15,10,5,FALSE
beit_large_patch16_384,0.8838,isotonic_regression,2024,IVFPQ,0.028380369,0.014279918,0.027376322,0.032122973,15,10,5,FALSE
beit_large_patch16_384,0.8838,isotonic_regression,2024,L2,0.028380369,0.014279918,0.027376322,0.034152939,15,10,5,FALSE
beit_large_patch16_384,0.8838,multi_isotonic_regression,2024,cosine,0.006299519,0.001402596,0.007152608,0.018982956,15,10,5,FALSE
beit_large_patch16_384,0.8838,multi_isotonic_regression,2024,IVFFlat,0.006299519,0.001402596,0.007152608,0.018785049,15,10,5,FALSE
beit_large_patch16_384,0.8838,multi_isotonic_regression,2024,IVFPQ,0.006299519,0.001402596,0.007152608,0.017495629,15,10,5,FALSE
beit_large_patch16_384,0.8838,multi_isotonic_regression,2024,L2,0.006299519,0.001402596,0.007152608,0.018782606,15,10,5,FALSE
beit_large_patch16_384,0.8838,multi_isotonic_regression_kde,2024,cosine,0.007436817,0.001799359,0.010562222,0.016615475,15,10,5,FALSE
beit_large_patch16_384,0.8838,multi_isotonic_regression_kde,2024,IVFFlat,0.007419717,0.002242552,0.010037365,0.016858023,15,10,5,FALSE
beit_large_patch16_384,0.8838,multi_isotonic_regression_kde,2024,IVFPQ,0.007026916,0.001186622,0.007285913,0.015913039,15,10,5,FALSE
beit_large_patch16_384,0.8838,multi_isotonic_regression_kde,2024,L2,0.007436372,0.002253378,0.010011014,0.016814184,15,10,5,FALSE
beit_large_patch16_384,0.8838,pts,2024,cosine,0.023171184,0.012245226,0.022940616,0.029105933,15,10,5,FALSE
beit_large_patch16_384,0.8838,pts,2024,IVFFlat,0.023171184,0.012245226,0.022940616,0.028702523,15,10,5,FALSE
beit_large_patch16_384,0.8838,pts,2024,IVFPQ,0.023171184,0.012245226,0.022940616,0.029013787,15,10,5,FALSE
beit_large_patch16_384,0.8838,pts,2024,L2,0.023171184,0.012245226,0.022940616,0.028596008,15,10,5,FALSE
beit_large_patch16_384,0.8838,pts_kde,2024,cosine,0.012797435,0.005776144,0.011141944,0.016528125,15,10,5,FALSE
beit_large_patch16_384,0.8838,pts_kde,2024,IVFFlat,0.012600138,0.00557794,0.011184977,0.017604191,15,10,5,FALSE
beit_large_patch16_384,0.8838,pts_kde,2024,IVFPQ,0.011781275,0.005711799,0.010840052,0.016931625,15,10,5,FALSE
beit_large_patch16_384,0.8838,pts_kde,2024,L2,0.012724488,0.005612993,0.011189431,0.017639044,15,10,5,FALSE
beit_large_patch16_384,0.8838,pts_knndist,2024,cosine,0.014629501,0.009460544,0.013960117,0.026468474,15,10,5,FALSE
beit_large_patch16_384,0.8838,pts_knndist,2024,IVFFlat,0.017931101,0.010533162,0.017387093,0.032152858,15,10,5,FALSE
beit_large_patch16_384,0.8838,pts_knndist,2024,IVFPQ,0.016916506,0.009843189,0.015974487,0.023266397,15,10,5,FALSE
beit_large_patch16_384,0.8838,pts_knndist,2024,L2,0.01793154,0.010534303,0.017387007,0.032204175,15,10,5,FALSE
beit_large_patch16_384,0.8838,pts_knndist_kde,2024,cosine,0.008349805,0.003617751,0.008862472,0.014867513,15,10,5,FALSE
beit_large_patch16_384,0.8838,pts_knndist_kde,2024,IVFFlat,0.007616706,0.003357543,0.007967506,0.014075022,15,10,5,FALSE
beit_large_patch16_384,0.8838,pts_knndist_kde,2024,IVFPQ,0.007378646,0.003144419,0.00930864,0.015823381,15,10,5,FALSE
beit_large_patch16_384,0.8838,pts_knndist_kde,2024,L2,0.007709409,0.003410757,0.008045723,0.014032433,15,10,5,FALSE
beit_large_patch16_384,0.8838,temperature_scaling,2024,cosine,0.030873387,0.007210941,0.03194809,0.036341953,15,10,5,FALSE
beit_large_patch16_384,0.8838,temperature_scaling,2024,IVFFlat,0.030873387,0.007210941,0.03194809,0.036294724,15,10,5,FALSE
beit_large_patch16_384,0.8838,temperature_scaling,2024,IVFPQ,0.030873387,0.007210941,0.03194809,0.032683095,15,10,5,FALSE
beit_large_patch16_384,0.8838,temperature_scaling,2024,L2,0.030873387,0.007210941,0.03194809,0.036294575,15,10,5,FALSE
beit_large_patch16_384,0.8838,temperature_scaling_kde,2024,cosine,0.013920551,0.007501524,0.012960964,0.019191245,15,10,5,FALSE
beit_large_patch16_384,0.8838,temperature_scaling_kde,2024,IVFFlat,0.012918545,0.007260099,0.012119196,0.017814188,15,10,5,FALSE
beit_large_patch16_384,0.8838,temperature_scaling_kde,2024,IVFPQ,0.013946532,0.007704247,0.013592182,0.01873608,15,10,5,FALSE
beit_large_patch16_384,0.8838,temperature_scaling_kde,2024,L2,0.013178826,0.007282015,0.012120964,0.017725865,15,10,5,FALSE
resnet50,0.81218,conf,2020,cosine,0.049503782,0.01030798,0.049978695,0.052656589,15,10,5,FALSE
resnet50,0.81218,conf,2020,IVFFlat,0.049503782,0.01030798,0.049978695,0.052637305,15,10,5,FALSE
resnet50,0.81218,conf,2020,IVFPQ,0.049503782,0.01030798,0.049978695,0.052090512,15,10,5,FALSE
resnet50,0.81218,conf,2020,L2,0.049503782,0.01030798,0.049978695,0.052286247,15,10,5,FALSE
resnet50,0.81218,conf_kde,2020,cosine,0.010447878,0.003053102,0.010776415,0.020395571,15,10,5,FALSE
resnet50,0.81218,conf_kde,2020,IVFFlat,0.010352294,0.002962021,0.011298852,0.019592726,15,10,5,FALSE
resnet50,0.81218,conf_kde,2020,IVFPQ,0.009326599,0.002734257,0.010956956,0.017759292,15,10,5,FALSE
resnet50,0.81218,conf_kde,2020,L2,0.01113206,0.003097062,0.011072367,0.020569667,15,10,5,FALSE
resnet50,0.81218,ensemble_ts,2020,cosine,0.025429988,0.005410176,0.034091376,0.03275777,15,10,5,FALSE
resnet50,0.81218,ensemble_ts,2020,IVFFlat,0.025429988,0.005410176,0.034091376,0.032531094,15,10,5,FALSE
resnet50,0.81218,ensemble_ts,2020,IVFPQ,0.025429988,0.005410176,0.034091376,0.030495961,15,10,5,FALSE
resnet50,0.81218,ensemble_ts,2020,L2,0.025429988,0.005410176,0.034091376,0.033001581,15,10,5,FALSE
resnet50,0.81218,ensemble_ts_kde,2020,cosine,0.013411511,0.005409438,0.012524368,0.022089935,15,10,5,FALSE
resnet50,0.81218,ensemble_ts_kde,2020,IVFFlat,0.013128121,0.005342112,0.013251641,0.021101992,15,10,5,FALSE
resnet50,0.81218,ensemble_ts_kde,2020,IVFPQ,0.012167245,0.005421861,0.012959656,0.020269285,15,10,5,FALSE
resnet50,0.81218,ensemble_ts_kde,2020,L2,0.013101911,0.00523441,0.012180683,0.021951071,15,10,5,FALSE
resnet50,0.81218,histogram_binning,2020,cosine,0.088243333,0.038138686,0.09969805,0.096936073,15,10,5,FALSE
resnet50,0.81218,histogram_binning,2020,IVFFlat,0.088243333,0.038138686,0.09969805,0.095074989,15,10,5,FALSE
resnet50,0.81218,histogram_binning,2020,IVFPQ,0.088243333,0.038138686,0.09969805,0.092624518,15,10,5,FALSE
resnet50,0.81218,histogram_binning,2020,L2,0.088243333,0.038138686,0.09969805,0.097393836,15,10,5,FALSE
resnet50,0.81218,histogram_binning_kde,2020,cosine,0.081709504,0.053526402,0.083132795,0.094009878,15,10,5,FALSE
resnet50,0.81218,histogram_binning_kde,2020,IVFFlat,0.08466158,0.057131545,0.090533846,0.096479604,15,10,5,FALSE
resnet50,0.81218,histogram_binning_kde,2020,IVFPQ,0.095014669,0.049449276,0.095486151,0.103172572,15,10,5,FALSE
resnet50,0.81218,histogram_binning_kde,2020,L2,0.082350498,0.056049673,0.086149176,0.099096048,15,10,5,FALSE
resnet50,0.81218,isotonic_regression,2020,cosine,0.043301272,0.020072907,0.043170907,0.048858841,15,10,5,FALSE
resnet50,0.81218,isotonic_regression,2020,IVFFlat,0.043301272,0.020072907,0.043170907,0.048350154,15,10,5,FALSE
resnet50,0.81218,isotonic_regression,2020,IVFPQ,0.043301272,0.020072907,0.043170907,0.048088101,15,10,5,FALSE
resnet50,0.81218,isotonic_regression,2020,L2,0.043301272,0.020072907,0.043170907,0.048913322,15,10,5,FALSE
resnet50,0.81218,multi_isotonic_regression,2020,cosine,0.00879974,0.001603935,0.010467222,0.020350031,15,10,5,FALSE
resnet50,0.81218,multi_isotonic_regression,2020,IVFFlat,0.00879974,0.001603935,0.010467222,0.019954371,15,10,5,FALSE
resnet50,0.81218,multi_isotonic_regression,2020,IVFPQ,0.00879974,0.001603935,0.010467222,0.019754542,15,10,5,FALSE
resnet50,0.81218,multi_isotonic_regression,2020,L2,0.00879974,0.001603935,0.010467222,0.020501044,15,10,5,FALSE
resnet50,0.81218,multi_isotonic_regression_kde,2020,cosine,0.007559718,0.001227809,0.010677256,0.016919337,15,10,5,FALSE
resnet50,0.81218,multi_isotonic_regression_kde,2020,IVFFlat,0.00785019,0.001352135,0.008275213,0.018162573,15,10,5,FALSE
resnet50,0.81218,multi_isotonic_regression_kde,2020,IVFPQ,0.008282775,0.001487281,0.009092319,0.017688462,15,10,5,FALSE
resnet50,0.81218,multi_isotonic_regression_kde,2020,L2,0.00761115,0.001193977,0.010238441,0.017915295,15,10,5,FALSE
resnet50,0.81218,pts,2020,cosine,0.107059959,0.05850585,0.107059924,0.107802713,15,10,5,FALSE
resnet50,0.81218,pts,2020,IVFFlat,0.107059959,0.05850585,0.107059924,0.107517117,15,10,5,FALSE
resnet50,0.81218,pts,2020,IVFPQ,0.107059959,0.05850585,0.107059924,0.107658679,15,10,5,FALSE
resnet50,0.81218,pts,2020,L2,0.107059959,0.05850585,0.107059924,0.107741536,15,10,5,FALSE
resnet50,0.81218,pts_kde,2020,cosine,0.035773124,0.020384834,0.033545126,0.040185257,15,10,5,FALSE
resnet50,0.81218,pts_kde,2020,IVFFlat,0.035925068,0.021392198,0.033530039,0.040431844,15,10,5,FALSE
resnet50,0.81218,pts_kde,2020,IVFPQ,0.035834906,0.022164599,0.032731545,0.041681534,15,10,5,FALSE
resnet50,0.81218,pts_kde,2020,L2,0.035904596,0.020310014,0.033480466,0.040704963,15,10,5,FALSE
resnet50,0.81218,pts_knndist,2020,cosine,0.054106753,0.026060557,0.0528228,0.057316598,15,10,5,FALSE
resnet50,0.81218,pts_knndist,2020,IVFFlat,0.053427092,0.025364872,0.051978371,0.05631991,15,10,5,FALSE
resnet50,0.81218,pts_knndist,2020,IVFPQ,0.053971378,0.025708104,0.052311993,0.056370867,15,10,5,FALSE
resnet50,0.81218,pts_knndist,2020,L2,0.053474057,0.025359615,0.051975433,0.056510801,15,10,5,FALSE
resnet50,0.81218,pts_knndist_kde,2020,cosine,0.016440086,0.007894268,0.014712348,0.023364423,15,10,5,FALSE
resnet50,0.81218,pts_knndist_kde,2020,IVFFlat,0.015936612,0.007681925,0.014819299,0.024605609,15,10,5,FALSE
resnet50,0.81218,pts_knndist_kde,2020,IVFPQ,0.014572954,0.007839752,0.01619534,0.022851362,15,10,5,FALSE
resnet50,0.81218,pts_knndist_kde,2020,L2,0.016364832,0.007564035,0.014715953,0.025020359,15,10,5,FALSE
resnet50,0.81218,temperature_scaling,2020,cosine,0.044814029,0.021592489,0.043794468,0.04792675,15,10,5,FALSE
resnet50,0.81218,temperature_scaling,2020,IVFFlat,0.044814029,0.021592489,0.043794468,0.047963763,15,10,5,FALSE
resnet50,0.81218,temperature_scaling,2020,IVFPQ,0.044814029,0.021592489,0.043794468,0.048718654,15,10,5,FALSE
resnet50,0.81218,temperature_scaling,2020,L2,0.044814029,0.021592489,0.043794468,0.048180758,15,10,5,FALSE
resnet50,0.81218,temperature_scaling_kde,2020,cosine,0.01484018,0.006053888,0.01232054,0.022217592,15,10,5,FALSE
resnet50,0.81218,temperature_scaling_kde,2020,IVFFlat,0.014943021,0.006149243,0.012687401,0.02183229,15,10,5,FALSE
resnet50,0.81218,temperature_scaling_kde,2020,IVFPQ,0.01377699,0.006361255,0.013512641,0.022155607,15,10,5,FALSE
resnet50,0.81218,temperature_scaling_kde,2020,L2,0.015522577,0.005928102,0.012370894,0.02275608,15,10,5,FALSE
resnet50,0.81218,conf,2021,cosine,0.049263535,0.011237251,0.049149492,0.052752393,15,10,5,FALSE
resnet50,0.81218,conf,2021,IVFFlat,0.049263535,0.011237251,0.049149492,0.052603367,15,10,5,FALSE
resnet50,0.81218,conf,2021,IVFPQ,0.049263535,0.011237251,0.049149492,0.052505991,15,10,5,FALSE
resnet50,0.81218,conf,2021,L2,0.049263535,0.011237251,0.049149492,0.052021911,15,10,5,FALSE
resnet50,0.81218,conf_kde,2021,cosine,0.011604432,0.00445396,0.011417626,0.022330805,15,10,5,FALSE
resnet50,0.81218,conf_kde,2021,IVFFlat,0.012089639,0.004357627,0.012149945,0.021512584,15,10,5,FALSE
resnet50,0.81218,conf_kde,2021,IVFPQ,0.011699169,0.004058825,0.0124628,0.021252683,15,10,5,FALSE
resnet50,0.81218,conf_kde,2021,L2,0.01187931,0.004474278,0.011339436,0.020960295,15,10,5,FALSE
resnet50,0.81218,ensemble_ts,2021,cosine,0.024839123,0.00554447,0.034732531,0.033431544,15,10,5,FALSE
resnet50,0.81218,ensemble_ts,2021,IVFFlat,0.024839123,0.00554447,0.034732531,0.033355449,15,10,5,FALSE
resnet50,0.81218,ensemble_ts,2021,IVFPQ,0.024839123,0.00554447,0.034732531,0.031460188,15,10,5,FALSE
resnet50,0.81218,ensemble_ts,2021,L2,0.024839123,0.00554447,0.034732531,0.033183341,15,10,5,FALSE
resnet50,0.81218,ensemble_ts_kde,2021,cosine,0.015403315,0.006674086,0.016206892,0.025368053,15,10,5,FALSE
resnet50,0.81218,ensemble_ts_kde,2021,IVFFlat,0.015473213,0.006363304,0.014533592,0.025239756,15,10,5,FALSE
resnet50,0.81218,ensemble_ts_kde,2021,IVFPQ,0.014993441,0.006386238,0.015530467,0.024802165,15,10,5,FALSE
resnet50,0.81218,ensemble_ts_kde,2021,L2,0.015322561,0.006644839,0.014953463,0.024958441,15,10,5,FALSE
resnet50,0.81218,histogram_binning,2021,cosine,0.089422415,0.036833773,0.096291499,0.096510264,15,10,5,FALSE
resnet50,0.81218,histogram_binning,2021,IVFFlat,0.089422415,0.036833773,0.096291499,0.094514072,15,10,5,FALSE
resnet50,0.81218,histogram_binning,2021,IVFPQ,0.089422415,0.036833773,0.096291499,0.09349763,15,10,5,FALSE
resnet50,0.81218,histogram_binning,2021,L2,0.089422415,0.036833773,0.096291499,0.096198396,15,10,5,FALSE
resnet50,0.81218,histogram_binning_kde,2021,cosine,0.076932909,0.052931104,0.084176301,0.096690652,15,10,5,FALSE
resnet50,0.81218,histogram_binning_kde,2021,IVFFlat,0.080431039,0.05421179,0.08651925,0.100674292,15,10,5,FALSE
resnet50,0.81218,histogram_binning_kde,2021,IVFPQ,0.088005578,0.046573334,0.089704272,0.096166826,15,10,5,FALSE
resnet50,0.81218,histogram_binning_kde,2021,L2,0.074632536,0.052811462,0.082217915,0.096889039,15,10,5,FALSE
resnet50,0.81218,isotonic_regression,2021,cosine,0.046114831,0.021051053,0.044841702,0.049524429,15,10,5,FALSE
resnet50,0.81218,isotonic_regression,2021,IVFFlat,0.046114831,0.021051053,0.044841702,0.049576746,15,10,5,FALSE
resnet50,0.81218,isotonic_regression,2021,IVFPQ,0.046114831,0.021051053,0.044841702,0.049825078,15,10,5,FALSE
resnet50,0.81218,isotonic_regression,2021,L2,0.046114831,0.021051053,0.044841702,0.049559145,15,10,5,FALSE
resnet50,0.81218,multi_isotonic_regression,2021,cosine,0.010719235,0.001435976,0.011332957,0.022753509,15,10,5,FALSE
resnet50,0.81218,multi_isotonic_regression,2021,IVFFlat,0.010719235,0.001435976,0.011332957,0.022218299,15,10,5,FALSE
resnet50,0.81218,multi_isotonic_regression,2021,IVFPQ,0.010719235,0.001435976,0.011332957,0.021082299,15,10,5,FALSE
resnet50,0.81218,multi_isotonic_regression,2021,L2,0.010719235,0.001435976,0.011332957,0.021591065,15,10,5,FALSE
resnet50,0.81218,multi_isotonic_regression_kde,2021,cosine,0.011128222,0.001612259,0.009959081,0.022049342,15,10,5,FALSE
resnet50,0.81218,multi_isotonic_regression_kde,2021,IVFFlat,0.012031655,0.001890663,0.010992583,0.021944061,15,10,5,FALSE
resnet50,0.81218,multi_isotonic_regression_kde,2021,IVFPQ,0.011297172,0.001995828,0.011373949,0.021116882,15,10,5,FALSE
resnet50,0.81218,multi_isotonic_regression_kde,2021,L2,0.011634445,0.001621689,0.011212067,0.021037311,15,10,5,FALSE
resnet50,0.81218,pts,2021,cosine,0.01648485,0.003315044,0.015125798,0.029951622,15,10,5,FALSE
resnet50,0.81218,pts,2021,IVFFlat,0.01648485,0.003315044,0.015125798,0.028957551,15,10,5,FALSE
resnet50,0.81218,pts,2021,IVFPQ,0.01648485,0.003315044,0.015125798,0.026147928,15,10,5,FALSE
resnet50,0.81218,pts,2021,L2,0.01648485,0.003315044,0.015125798,0.029792283,15,10,5,FALSE
resnet50,0.81218,pts_kde,2021,cosine,0.00696133,0.002293225,0.008109048,0.019896799,15,10,5,FALSE
resnet50,0.81218,pts_kde,2021,IVFFlat,0.007151842,0.002787844,0.008353458,0.019208773,15,10,5,FALSE
resnet50,0.81218,pts_kde,2021,IVFPQ,0.008110885,0.003074913,0.007269263,0.020885316,15,10,5,FALSE
resnet50,0.81218,pts_kde,2021,L2,0.007092421,0.002557164,0.008118161,0.019966683,15,10,5,FALSE
resnet50,0.81218,pts_knndist,2021,cosine,0.041500737,0.019206059,0.03988672,0.046663103,15,10,5,FALSE
resnet50,0.81218,pts_knndist,2021,IVFFlat,0.039191458,0.017981657,0.038031334,0.044315926,15,10,5,FALSE
resnet50,0.81218,pts_knndist,2021,IVFPQ,0.039879595,0.018223393,0.038191214,0.045320688,15,10,5,FALSE
resnet50,0.81218,pts_knndist,2021,L2,0.039221692,0.017984311,0.038013071,0.04404999,15,10,5,FALSE
resnet50,0.81218,pts_knndist_kde,2021,cosine,0.013881594,0.006254734,0.013409721,0.025475819,15,10,5,FALSE
resnet50,0.81218,pts_knndist_kde,2021,IVFFlat,0.013378265,0.005434942,0.011847659,0.024693156,15,10,5,FALSE
resnet50,0.81218,pts_knndist_kde,2021,IVFPQ,0.014888057,0.005392778,0.015325064,0.024035937,15,10,5,FALSE
resnet50,0.81218,pts_knndist_kde,2021,L2,0.0132656,0.005574446,0.012558512,0.024020846,15,10,5,FALSE
resnet50,0.81218,temperature_scaling,2021,cosine,0.046844823,0.023689864,0.045954817,0.050753356,15,10,5,FALSE
resnet50,0.81218,temperature_scaling,2021,IVFFlat,0.046844823,0.023689864,0.045954817,0.051346319,15,10,5,FALSE
resnet50,0.81218,temperature_scaling,2021,IVFPQ,0.046844823,0.023689864,0.045954817,0.051195141,15,10,5,FALSE
resnet50,0.81218,temperature_scaling,2021,L2,0.046844823,0.023689864,0.045954817,0.050596268,15,10,5,FALSE
resnet50,0.81218,temperature_scaling_kde,2021,cosine,0.017658255,0.007798437,0.017249467,0.026351934,15,10,5,FALSE
resnet50,0.81218,temperature_scaling_kde,2021,IVFFlat,0.01678048,0.007830827,0.016068019,0.025801183,15,10,5,FALSE
resnet50,0.81218,temperature_scaling_kde,2021,IVFPQ,0.016855376,0.007669191,0.016026061,0.02560738,15,10,5,FALSE
resnet50,0.81218,temperature_scaling_kde,2021,L2,0.016931281,0.007807098,0.016418955,0.025859327,15,10,5,FALSE
resnet50,0.81218,conf,2022,cosine,0.04742202,0.011782811,0.047469767,0.050059689,15,10,5,FALSE
resnet50,0.81218,conf,2022,IVFFlat,0.04742202,0.011782811,0.047469767,0.050381876,15,10,5,FALSE
resnet50,0.81218,conf,2022,IVFPQ,0.04742202,0.011782811,0.047469767,0.051177789,15,10,5,FALSE
resnet50,0.81218,conf,2022,L2,0.04742202,0.011782811,0.047469767,0.05004251,15,10,5,FALSE
resnet50,0.81218,conf_kde,2022,cosine,0.012316795,0.004669752,0.011208996,0.021656541,15,10,5,FALSE
resnet50,0.81218,conf_kde,2022,IVFFlat,0.012660565,0.00462753,0.011326363,0.022334799,15,10,5,FALSE
resnet50,0.81218,conf_kde,2022,IVFPQ,0.013123671,0.004494843,0.01318146,0.023533684,15,10,5,FALSE
resnet50,0.81218,conf_kde,2022,L2,0.012680151,0.004767022,0.011363493,0.022183007,15,10,5,FALSE
resnet50,0.81218,ensemble_ts,2022,cosine,0.023753659,0.005599079,0.034274423,0.032317083,15,10,5,FALSE
resnet50,0.81218,ensemble_ts,2022,IVFFlat,0.023753659,0.005599079,0.034274423,0.033143308,15,10,5,FALSE
resnet50,0.81218,ensemble_ts,2022,IVFPQ,0.023753659,0.005599079,0.034274423,0.032835702,15,10,5,FALSE
resnet50,0.81218,ensemble_ts,2022,L2,0.023753659,0.005599079,0.034274423,0.032298314,15,10,5,FALSE
resnet50,0.81218,ensemble_ts_kde,2022,cosine,0.016950504,0.007328123,0.015753327,0.026850893,15,10,5,FALSE
resnet50,0.81218,ensemble_ts_kde,2022,IVFFlat,0.01678493,0.007473885,0.01547395,0.027640672,15,10,5,FALSE
resnet50,0.81218,ensemble_ts_kde,2022,IVFPQ,0.017980111,0.007039399,0.017742456,0.027798775,15,10,5,FALSE
resnet50,0.81218,ensemble_ts_kde,2022,L2,0.016711825,0.00725424,0.016279038,0.027379048,15,10,5,FALSE
resnet50,0.81218,histogram_binning,2022,cosine,0.089140771,0.038270742,0.097855558,0.097125903,15,10,5,FALSE
resnet50,0.81218,histogram_binning,2022,IVFFlat,0.089140771,0.038270742,0.097855558,0.095132472,15,10,5,FALSE
resnet50,0.81218,histogram_binning,2022,IVFPQ,0.089140771,0.038270742,0.097855558,0.09234634,15,10,5,FALSE
resnet50,0.81218,histogram_binning,2022,L2,0.089140771,0.038270742,0.097855558,0.097218977,15,10,5,FALSE
resnet50,0.81218,histogram_binning_kde,2022,cosine,0.077714827,0.052967734,0.084159611,0.09494782,15,10,5,FALSE
resnet50,0.81218,histogram_binning_kde,2022,IVFFlat,0.081867477,0.053528844,0.084928095,0.093990699,15,10,5,FALSE
resnet50,0.81218,histogram_binning_kde,2022,IVFPQ,0.090826636,0.046930639,0.093833471,0.096321637,15,10,5,FALSE
resnet50,0.81218,histogram_binning_kde,2022,L2,0.078552269,0.054088063,0.085811848,0.095414513,15,10,5,FALSE
resnet50,0.81218,isotonic_regression,2022,cosine,0.047915554,0.021198849,0.04437154,0.052319879,15,10,5,FALSE
resnet50,0.81218,isotonic_regression,2022,IVFFlat,0.047915554,0.021198849,0.04437154,0.05189414,15,10,5,FALSE
resnet50,0.81218,isotonic_regression,2022,IVFPQ,0.047915554,0.021198849,0.04437154,0.051595172,15,10,5,FALSE
resnet50,0.81218,isotonic_regression,2022,L2,0.047915554,0.021198849,0.04437154,0.052318435,15,10,5,FALSE
resnet50,0.81218,multi_isotonic_regression,2022,cosine,0.009672573,0.001723992,0.011437534,0.020003697,15,10,5,FALSE
resnet50,0.81218,multi_isotonic_regression,2022,IVFFlat,0.009672573,0.001723992,0.011437534,0.020640232,15,10,5,FALSE
resnet50,0.81218,multi_isotonic_regression,2022,IVFPQ,0.009672573,0.001723992,0.011437534,0.023054416,15,10,5,FALSE
resnet50,0.81218,multi_isotonic_regression,2022,L2,0.009672573,0.001723992,0.011437534,0.019934334,15,10,5,FALSE
resnet50,0.81218,multi_isotonic_regression_kde,2022,cosine,0.012143529,0.001884424,0.011265015,0.022278971,15,10,5,FALSE
resnet50,0.81218,multi_isotonic_regression_kde,2022,IVFFlat,0.012036857,0.001898414,0.01103051,0.021060424,15,10,5,FALSE
resnet50,0.81218,multi_isotonic_regression_kde,2022,IVFPQ,0.010323811,0.001466497,0.010081964,0.022641494,15,10,5,FALSE
resnet50,0.81218,multi_isotonic_regression_kde,2022,L2,0.01201542,0.001877568,0.011254997,0.022269626,15,10,5,FALSE
resnet50,0.81218,pts,2022,cosine,0.029604394,0.012033759,0.029610433,0.034213278,15,10,5,FALSE
resnet50,0.81218,pts,2022,IVFFlat,0.029604394,0.012033759,0.029610433,0.033977782,15,10,5,FALSE
resnet50,0.81218,pts,2022,IVFPQ,0.029604394,0.012033759,0.029610433,0.03538265,15,10,5,FALSE
resnet50,0.81218,pts,2022,L2,0.029604394,0.012033759,0.029610433,0.03361655,15,10,5,FALSE
resnet50,0.81218,pts_kde,2022,cosine,0.013324637,0.005125931,0.012990921,0.024045527,15,10,5,FALSE
resnet50,0.81218,pts_kde,2022,IVFFlat,0.013764826,0.005077226,0.013099122,0.024448561,15,10,5,FALSE
resnet50,0.81218,pts_kde,2022,IVFPQ,0.014775548,0.004766333,0.015152069,0.024268048,15,10,5,FALSE
resnet50,0.81218,pts_kde,2022,L2,0.013879449,0.005082348,0.012741728,0.023860311,15,10,5,FALSE
resnet50,0.81218,pts_knndist,2022,cosine,0.023963572,0.005361478,0.02312596,0.029583429,15,10,5,FALSE
resnet50,0.81218,pts_knndist,2022,IVFFlat,0.023393502,0.005367008,0.023407648,0.031615949,15,10,5,FALSE
resnet50,0.81218,pts_knndist,2022,IVFPQ,0.02335776,0.005325776,0.023414093,0.031250207,15,10,5,FALSE
resnet50,0.81218,pts_knndist,2022,L2,0.02336674,0.005316823,0.023228793,0.031152945,15,10,5,FALSE
resnet50,0.81218,pts_knndist_kde,2022,cosine,0.01376284,0.004719266,0.013191698,0.024021447,15,10,5,FALSE
resnet50,0.81218,pts_knndist_kde,2022,IVFFlat,0.013657467,0.00408001,0.013716965,0.023920564,15,10,5,FALSE
resnet50,0.81218,pts_knndist_kde,2022,IVFPQ,0.014149847,0.004509052,0.014126877,0.023490695,15,10,5,FALSE
resnet50,0.81218,pts_knndist_kde,2022,L2,0.013765384,0.004200581,0.013787334,0.024094377,15,10,5,FALSE
resnet50,0.81218,temperature_scaling,2022,cosine,0.048693775,0.023650572,0.048759122,0.052268146,15,10,5,FALSE
resnet50,0.81218,temperature_scaling,2022,IVFFlat,0.048693775,0.023650572,0.048759122,0.052952068,15,10,5,FALSE
resnet50,0.81218,temperature_scaling,2022,IVFPQ,0.048693775,0.023650572,0.048759122,0.053191915,15,10,5,FALSE
resnet50,0.81218,temperature_scaling,2022,L2,0.048693775,0.023650572,0.048759122,0.05244702,15,10,5,FALSE
resnet50,0.81218,temperature_scaling_kde,2022,cosine,0.017042557,0.008005385,0.017103922,0.026924737,15,10,5,FALSE
resnet50,0.81218,temperature_scaling_kde,2022,IVFFlat,0.01772016,0.008064997,0.016070133,0.028298655,15,10,5,FALSE
resnet50,0.81218,temperature_scaling_kde,2022,IVFPQ,0.01899318,0.008123393,0.018971437,0.028683411,15,10,5,FALSE
resnet50,0.81218,temperature_scaling_kde,2022,L2,0.017597797,0.007933711,0.016827248,0.027303122,15,10,5,FALSE
resnet50,0.81218,conf,2023,cosine,0.04897095,0.011239311,0.048658055,0.052473704,15,10,5,FALSE
resnet50,0.81218,conf,2023,IVFFlat,0.04897095,0.011239311,0.048658055,0.05191823,15,10,5,FALSE
resnet50,0.81218,conf,2023,IVFPQ,0.04897095,0.011239311,0.048658055,0.051537011,15,10,5,FALSE
resnet50,0.81218,conf,2023,L2,0.04897095,0.011239311,0.048658055,0.05238793,15,10,5,FALSE
resnet50,0.81218,conf_kde,2023,cosine,0.008391307,0.003683819,0.007805313,0.019470755,15,10,5,FALSE
resnet50,0.81218,conf_kde,2023,IVFFlat,0.00738781,0.003627055,0.00809383,0.018661584,15,10,5,FALSE
resnet50,0.81218,conf_kde,2023,IVFPQ,0.006878382,0.00327051,0.008536345,0.017775592,15,10,5,FALSE
resnet50,0.81218,conf_kde,2023,L2,0.007683531,0.003689419,0.008521007,0.019150298,15,10,5,FALSE
resnet50,0.81218,ensemble_ts,2023,cosine,0.02391266,0.003986123,0.031939318,0.031852094,15,10,5,FALSE
resnet50,0.81218,ensemble_ts,2023,IVFFlat,0.02391266,0.003986123,0.031939318,0.03170809,15,10,5,FALSE
resnet50,0.81218,ensemble_ts,2023,IVFPQ,0.02391266,0.003986123,0.031939318,0.029806182,15,10,5,FALSE
resnet50,0.81218,ensemble_ts,2023,L2,0.02391266,0.003986123,0.031939318,0.032568523,15,10,5,FALSE
resnet50,0.81218,ensemble_ts_kde,2023,cosine,0.012265268,0.00519488,0.011628595,0.021831944,15,10,5,FALSE
resnet50,0.81218,ensemble_ts_kde,2023,IVFFlat,0.01171129,0.005020876,0.011719718,0.020701544,15,10,5,FALSE
resnet50,0.81218,ensemble_ts_kde,2023,IVFPQ,0.012147968,0.005029354,0.01069226,0.022449207,15,10,5,FALSE
resnet50,0.81218,ensemble_ts_kde,2023,L2,0.012270156,0.005107714,0.01176332,0.020790789,15,10,5,FALSE
resnet50,0.81218,histogram_binning,2023,cosine,0.094152554,0.039377339,0.102363577,0.101213528,15,10,5,FALSE
resnet50,0.81218,histogram_binning,2023,IVFFlat,0.094152554,0.039377339,0.102363577,0.099534332,15,10,5,FALSE
resnet50,0.81218,histogram_binning,2023,IVFPQ,0.094152554,0.039377339,0.102363577,0.096880514,15,10,5,FALSE
resnet50,0.81218,histogram_binning,2023,L2,0.094152554,0.039377339,0.102363577,0.101598271,15,10,5,FALSE
resnet50,0.81218,histogram_binning_kde,2023,cosine,0.078802745,0.052652419,0.084246284,0.097592755,15,10,5,FALSE
resnet50,0.81218,histogram_binning_kde,2023,IVFFlat,0.084771329,0.054412747,0.08798213,0.098300122,15,10,5,FALSE
resnet50,0.81218,histogram_binning_kde,2023,IVFPQ,0.093160377,0.048292394,0.095312425,0.100320673,15,10,5,FALSE
resnet50,0.81218,histogram_binning_kde,2023,L2,0.078976649,0.053052115,0.08574611,0.097639239,15,10,5,FALSE
resnet50,0.81218,isotonic_regression,2023,cosine,0.042077993,0.019818607,0.042188859,0.04742743,15,10,5,FALSE
resnet50,0.81218,isotonic_regression,2023,IVFFlat,0.042077993,0.019818607,0.042188859,0.046705985,15,10,5,FALSE
resnet50,0.81218,isotonic_regression,2023,IVFPQ,0.042077993,0.019818607,0.042188859,0.046876008,15,10,5,FALSE
resnet50,0.81218,isotonic_regression,2023,L2,0.042077993,0.019818607,0.042188859,0.047411365,15,10,5,FALSE
resnet50,0.81218,multi_isotonic_regression,2023,cosine,0.010307222,0.001609434,0.010071167,0.021751217,15,10,5,FALSE
resnet50,0.81218,multi_isotonic_regression,2023,IVFFlat,0.010307222,0.001609434,0.010071167,0.021133298,15,10,5,FALSE
resnet50,0.81218,multi_isotonic_regression,2023,IVFPQ,0.010307222,0.001609434,0.010071167,0.018695944,15,10,5,FALSE
resnet50,0.81218,multi_isotonic_regression,2023,L2,0.010307222,0.001609434,0.010071167,0.021859444,15,10,5,FALSE
resnet50,0.81218,multi_isotonic_regression_kde,2023,cosine,0.010323726,0.0014253,0.010121626,0.01813767,15,10,5,FALSE
resnet50,0.81218,multi_isotonic_regression_kde,2023,IVFFlat,0.010068511,0.001556822,0.009560173,0.018316329,15,10,5,FALSE
resnet50,0.81218,multi_isotonic_regression_kde,2023,IVFPQ,0.011422956,0.0014938,0.011127222,0.019507278,15,10,5,FALSE
resnet50,0.81218,multi_isotonic_regression_kde,2023,L2,0.01037502,0.001710271,0.010518059,0.01778574,15,10,5,FALSE
resnet50,0.81218,pts,2023,cosine,0.013480006,0.004344192,0.014128576,0.022861792,15,10,5,FALSE
resnet50,0.81218,pts,2023,IVFFlat,0.013480006,0.004344192,0.014128576,0.02392689,15,10,5,FALSE
resnet50,0.81218,pts,2023,IVFPQ,0.013480006,0.004344192,0.014128576,0.022844868,15,10,5,FALSE
resnet50,0.81218,pts,2023,L2,0.013480006,0.004344192,0.014128576,0.022790786,15,10,5,FALSE
resnet50,0.81218,pts_kde,2023,cosine,0.008567373,0.002431253,0.009321299,0.019893145,15,10,5,FALSE
resnet50,0.81218,pts_kde,2023,IVFFlat,0.007903582,0.002292218,0.008024165,0.021561583,15,10,5,FALSE
resnet50,0.81218,pts_kde,2023,IVFPQ,0.009339537,0.002379862,0.008753385,0.02072433,15,10,5,FALSE
resnet50,0.81218,pts_kde,2023,L2,0.007793536,0.002304488,0.008337884,0.021097924,15,10,5,FALSE
resnet50,0.81218,pts_knndist,2023,cosine,0.036413359,0.016602614,0.036483601,0.040410871,15,10,5,FALSE
resnet50,0.81218,pts_knndist,2023,IVFFlat,0.03138502,0.012437464,0.031200501,0.036180353,15,10,5,FALSE
resnet50,0.81218,pts_knndist,2023,IVFPQ,0.0318207,0.012791657,0.031394716,0.036199584,15,10,5,FALSE
resnet50,0.81218,pts_knndist,2023,L2,0.030983174,0.012188321,0.030685988,0.035917772,15,10,5,FALSE
resnet50,0.81218,pts_knndist_kde,2023,cosine,0.011137901,0.00521586,0.010143951,0.020191307,15,10,5,FALSE
resnet50,0.81218,pts_knndist_kde,2023,IVFFlat,0.010304334,0.004250815,0.008651408,0.020458674,15,10,5,FALSE
resnet50,0.81218,pts_knndist_kde,2023,IVFPQ,0.0099821,0.004147533,0.008071704,0.020264753,15,10,5,FALSE
resnet50,0.81218,pts_knndist_kde,2023,L2,0.010212923,0.004552713,0.008918881,0.020879622,15,10,5,FALSE
resnet50,0.81218,temperature_scaling,2023,cosine,0.044649272,0.021742688,0.044740759,0.048763466,15,10,5,FALSE
resnet50,0.81218,temperature_scaling,2023,IVFFlat,0.044649272,0.021742688,0.044740759,0.049086154,15,10,5,FALSE
resnet50,0.81218,temperature_scaling,2023,IVFPQ,0.044649272,0.021742688,0.044740759,0.048451944,15,10,5,FALSE
resnet50,0.81218,temperature_scaling,2023,L2,0.044649272,0.021742688,0.044740759,0.049366972,15,10,5,FALSE
resnet50,0.81218,temperature_scaling_kde,2023,cosine,0.013732609,0.006103013,0.012396209,0.022353394,15,10,5,FALSE
resnet50,0.81218,temperature_scaling_kde,2023,IVFFlat,0.013311918,0.005817042,0.012388984,0.021574474,15,10,5,FALSE
resnet50,0.81218,temperature_scaling_kde,2023,IVFPQ,0.013827715,0.006078382,0.011544184,0.022772359,15,10,5,FALSE
resnet50,0.81218,temperature_scaling_kde,2023,L2,0.012720797,0.005935323,0.01265467,0.022093946,15,10,5,FALSE
resnet50,0.81218,conf,2024,cosine,0.0484856,0.01049393,0.049014251,0.050942049,15,10,5,FALSE
resnet50,0.81218,conf,2024,IVFFlat,0.0484856,0.01049393,0.049014251,0.050557555,15,10,5,FALSE
resnet50,0.81218,conf,2024,IVFPQ,0.0484856,0.01049393,0.049014251,0.051632974,15,10,5,FALSE
resnet50,0.81218,conf,2024,L2,0.0484856,0.01049393,0.049014251,0.050742387,15,10,5,FALSE
resnet50,0.81218,conf_kde,2024,cosine,0.010808105,0.003075031,0.012754601,0.016878908,15,10,5,FALSE
resnet50,0.81218,conf_kde,2024,IVFFlat,0.011046692,0.0029144,0.013738337,0.01858632,15,10,5,FALSE
resnet50,0.81218,conf_kde,2024,IVFPQ,0.010532483,0.002883777,0.012574326,0.022500741,15,10,5,FALSE
resnet50,0.81218,conf_kde,2024,L2,0.010967015,0.002976973,0.012958626,0.017641073,15,10,5,FALSE
resnet50,0.81218,ensemble_ts,2024,cosine,0.027903888,0.00607786,0.034041316,0.032878122,15,10,5,FALSE
resnet50,0.81218,ensemble_ts,2024,IVFFlat,0.027903888,0.00607786,0.034041316,0.032366929,15,10,5,FALSE
resnet50,0.81218,ensemble_ts,2024,IVFPQ,0.027903888,0.00607786,0.034041316,0.033061281,15,10,5,FALSE
resnet50,0.81218,ensemble_ts,2024,L2,0.027903888,0.00607786,0.034041316,0.032596145,15,10,5,FALSE
resnet50,0.81218,ensemble_ts_kde,2024,cosine,0.014205835,0.006496664,0.013531834,0.021492863,15,10,5,FALSE
resnet50,0.81218,ensemble_ts_kde,2024,IVFFlat,0.013292811,0.006386285,0.013288882,0.021927328,15,10,5,FALSE
resnet50,0.81218,ensemble_ts_kde,2024,IVFPQ,0.013672458,0.006545277,0.014701789,0.024325215,15,10,5,FALSE
resnet50,0.81218,ensemble_ts_kde,2024,L2,0.013824443,0.006381842,0.013929594,0.021647239,15,10,5,FALSE
resnet50,0.81218,histogram_binning,2024,cosine,0.093365766,0.038653048,0.102635905,0.101886713,15,10,5,FALSE
resnet50,0.81218,histogram_binning,2024,IVFFlat,0.093365766,0.038653048,0.102635905,0.100630675,15,10,5,FALSE
resnet50,0.81218,histogram_binning,2024,IVFPQ,0.093365766,0.038653048,0.102635905,0.097439855,15,10,5,FALSE
resnet50,0.81218,histogram_binning,2024,L2,0.093365766,0.038653048,0.102635905,0.101650425,15,10,5,FALSE
resnet50,0.81218,histogram_binning_kde,2024,cosine,0.081838794,0.053007975,0.086021613,0.092615535,15,10,5,FALSE
resnet50,0.81218,histogram_binning_kde,2024,IVFFlat,0.086011637,0.055089975,0.087502147,0.097084702,15,10,5,FALSE
resnet50,0.81218,histogram_binning_kde,2024,IVFPQ,0.09182569,0.04689292,0.093764643,0.098162256,15,10,5,FALSE
resnet50,0.81218,histogram_binning_kde,2024,L2,0.082905216,0.053807575,0.086542877,0.093332939,15,10,5,FALSE
resnet50,0.81218,isotonic_regression,2024,cosine,0.043914614,0.019965877,0.043844497,0.049342349,15,10,5,FALSE
resnet50,0.81218,isotonic_regression,2024,IVFFlat,0.043914614,0.019965877,0.043844497,0.049596852,15,10,5,FALSE
resnet50,0.81218,isotonic_regression,2024,IVFPQ,0.043914614,0.019965877,0.043844497,0.048169073,15,10,5,FALSE
resnet50,0.81218,isotonic_regression,2024,L2,0.043914614,0.019965877,0.043844497,0.049272885,15,10,5,FALSE
resnet50,0.81218,multi_isotonic_regression,2024,cosine,0.010358619,0.00138024,0.009870648,0.018361473,15,10,5,FALSE
resnet50,0.81218,multi_isotonic_regression,2024,IVFFlat,0.010358619,0.00138024,0.009870648,0.020119204,15,10,5,FALSE
resnet50,0.81218,multi_isotonic_regression,2024,IVFPQ,0.010358619,0.00138024,0.009870648,0.022656019,15,10,5,FALSE
resnet50,0.81218,multi_isotonic_regression,2024,L2,0.010358619,0.00138024,0.009870648,0.019131199,15,10,5,FALSE
resnet50,0.81218,multi_isotonic_regression_kde,2024,cosine,0.009989089,0.001613218,0.010786777,0.019832342,15,10,5,FALSE
resnet50,0.81218,multi_isotonic_regression_kde,2024,IVFFlat,0.009610916,0.001620764,0.009766078,0.021668137,15,10,5,FALSE
resnet50,0.81218,multi_isotonic_regression_kde,2024,IVFPQ,0.007947958,0.001816851,0.007411526,0.022171042,15,10,5,FALSE
resnet50,0.81218,multi_isotonic_regression_kde,2024,L2,0.01062649,0.001812961,0.010835049,0.019882783,15,10,5,FALSE
resnet50,0.81218,pts,2024,cosine,0.032311008,0.011007658,0.031513985,0.043562709,15,10,5,FALSE
resnet50,0.81218,pts,2024,IVFFlat,0.032311008,0.011007658,0.031513985,0.043964137,15,10,5,FALSE
resnet50,0.81218,pts,2024,IVFPQ,0.032311008,0.011007658,0.031513985,0.039812873,15,10,5,FALSE
resnet50,0.81218,pts,2024,L2,0.032311008,0.011007658,0.031513985,0.043930591,15,10,5,FALSE
resnet50,0.81218,pts_kde,2024,cosine,0.009216211,0.003279345,0.009269313,0.017646785,15,10,5,FALSE
resnet50,0.81218,pts_kde,2024,IVFFlat,0.00978026,0.003418606,0.010015249,0.018645532,15,10,5,FALSE
resnet50,0.81218,pts_kde,2024,IVFPQ,0.011014742,0.002996833,0.013878117,0.022051669,15,10,5,FALSE
resnet50,0.81218,pts_kde,2024,L2,0.01040352,0.003543859,0.009606528,0.019690302,15,10,5,FALSE
resnet50,0.81218,pts_knndist,2024,cosine,0.037222263,0.017250086,0.036266931,0.042005755,15,10,5,FALSE
resnet50,0.81218,pts_knndist,2024,IVFFlat,0.037583736,0.017608437,0.036538695,0.041873773,15,10,5,FALSE
resnet50,0.81218,pts_knndist,2024,IVFPQ,0.034033428,0.015948446,0.034115553,0.039410383,15,10,5,FALSE
resnet50,0.81218,pts_knndist,2024,L2,0.037552709,0.017609329,0.036627484,0.041279835,15,10,5,FALSE
resnet50,0.81218,pts_knndist_kde,2024,cosine,0.011605407,0.004420094,0.011688399,0.019677498,15,10,5,FALSE
resnet50,0.81218,pts_knndist_kde,2024,IVFFlat,0.011059025,0.004511346,0.011447516,0.020738685,15,10,5,FALSE
resnet50,0.81218,pts_knndist_kde,2024,IVFPQ,0.010878248,0.003992187,0.011795985,0.022262426,15,10,5,FALSE
resnet50,0.81218,pts_knndist_kde,2024,L2,0.011403542,0.004675788,0.011108247,0.01941774,15,10,5,FALSE
resnet50,0.81218,temperature_scaling,2024,cosine,0.045755421,0.022656085,0.045314767,0.048969463,15,10,5,FALSE
resnet50,0.81218,temperature_scaling,2024,IVFFlat,0.045755421,0.022656085,0.045314767,0.04882591,15,10,5,FALSE
resnet50,0.81218,temperature_scaling,2024,IVFPQ,0.045755421,0.022656085,0.045314767,0.050443632,15,10,5,FALSE
resnet50,0.81218,temperature_scaling,2024,L2,0.045755421,0.022656085,0.045314767,0.048819398,15,10,5,FALSE
resnet50,0.81218,temperature_scaling_kde,2024,cosine,0.015417661,0.007286917,0.014419977,0.022662749,15,10,5,FALSE
resnet50,0.81218,temperature_scaling_kde,2024,IVFFlat,0.014708354,0.007280379,0.014423718,0.023160473,15,10,5,FALSE
resnet50,0.81218,temperature_scaling_kde,2024,IVFPQ,0.01452996,0.007162441,0.01506586,0.025272805,15,10,5,FALSE
resnet50,0.81218,temperature_scaling_kde,2024,L2,0.01461479,0.007188906,0.014668112,0.022499025,15,10,5,FALSE
